source_id,ra,dec,teff_gspphot,phot_g_mean_mag,bp_rp
2851858288640,45.132144414036745,0.1378535532444834,5819.5605,12.356248,0.81036854
4230543624320,45.06347956342319,0.1956514390070961,5646.016,15.7034445,0.8950043
7834020517760,44.97616452166706,0.21727979968624359,5266.5435,17.175085,0.9287281
8727373730048,44.99035285242049,0.2832005860531234,3995.1091,18.01602,1.5993233
8766029055104,44.995945313391665,0.287857894817287,5644.352,14.691891,0.8967867
11510512362368,45.25564613280313,0.29032307912696464,3176.7964,17.598793,3.1187668
23300197765248,44.70822577833431,0.29959791419118204,3081.4863,18.547283,2.6934147
23467701379328,44.666210239323846,0.3021077589908716,5401.5444,18.923857,0.8860874
25048249473536,44.85584087053461,0.37231813984607076,3499.284,18.79371,1.8709736
30683246603520,45.10131281559561,0.4992306693306819,3657.9573,18.046072,2.3426933
32611687478272,44.94331822049362,0.48713106060047073,5115.716,16.11808,1.0601835
40544491500416,45.30232005294132,0.45925866142985594,3466.0017,18.445848,2.0788937
41098542885760,45.22232476551241,0.4556608416448471,4438.8716,16.464996,1.637373
45629732576640,45.5323992485553,0.5275225334884508,3475.7651,17.503365,2.591631
49684181947392,45.40416593409113,0.5978017174879271,5264.4014,17.543238,0.9265518
50719269615744,45.544456096662906,0.6248577636060625,3786.2925,16.676012,2.1939125
51406464382080,45.54140381787135,0.664209999579143,5321.0103,17.436869,0.9224129
53777286341504,45.22634438150688,0.5430271416865114,5357.4883,16.408194,0.9178076
69410967253632,45.33365180640389,0.8065718615590686,4165.216,16.937292,1.9491339
70059506681856,45.372457252949495,0.8683591276555832,4783.276,15.715656,1.2058477
70819716552064,44.65650201236886,0.354519677881783,3557.025,17.32587,2.4132156
73602855354240,44.769203923504286,0.46075759831627583,5423.059,16.514881,0.8739424
79267916645120,44.82923367277251,0.47133890231165704,5105.876,17.749372,0.9847641
88029649787136,44.46124228854272,0.46169476186,3578.0178,17.80616,1.9133682
88648125082112,44.541768811711606,0.5150372066775013,3421.0217,18.280508,2.761591
88819923774720,44.504897536894575,0.5276589204347948,3379.7173,17.995514,2.0802498
96825742994048,44.63999791910123,0.6130486206823006,3994.381,18.337536,1.6181393
97066261169664,44.64334292682431,0.6319635926419271,3272.8328,18.565092,2.704382
103903849163648,44.68894057072559,0.7951789837789642,4115.382,17.797836,1.5080414
104423540835200,44.69229765615677,0.8500155752063633,5517.3945,13.630211,0.85709953
104453604977152,44.60932372249623,0.7947316035466527,3252.2659,18.966152,2.397131
106072808102912,45.00318595250084,0.6580280113794315,6260.866,15.967099,0.84647655
109955458539264,44.91119913150871,0.6888035439855432,4957.4614,16.710203,1.069706
110642653493632,44.97799919853284,0.7327402731395248,5144.3037,18.872017,0.92146873
111600430543872,44.906813693752035,0.7553259824670963,3377.9531,18.17585,2.6013336
114143051218304,44.965676069498606,0.8503396153276738,4341.192,17.242058,1.3832588
115036404600448,45.239085969393926,0.808044951023683,3103.9673,18.64139,3.5720234
125005023911808,44.83378459895146,0.8549846255366939,5246.4414,14.926082,1.1898489
125692218678784,44.872675486008205,0.8593243612256116,5577.915,14.368091,0.9538641
126787434948224,44.83662677678465,0.8942250241155574,4448.1216,18.373596,1.3731651
126890514357504,44.881488278775066,0.9175411737375674,3096.4226,18.94464,2.9006824
127818227089664,44.71565450880196,0.8535982324765086,5949.959,18.803669,0.71702385
130193344404096,44.83607541127354,0.9525287003721735,3627.2358,15.039726,2.309699
132667245587072,45.0727955724553,0.969970782487376,4929.733,7.4750457,1.2528615
132804684542464,45.02965404931848,0.9720319690376104,5513.9424,16.821642,0.8380089
139019501853184,44.983492842504866,1.0994092447339685,4759.5728,17.56734,1.1390419
146475564682496,45.593749907327854,0.7534015897506826,3447.9915,17.491417,2.3250027
146686018695424,45.58427472496946,0.7704183536925205,3313.5369,18.792917,2.2553844
147751170581376,45.69864705561097,0.7966390915142691,5313.9487,15.047944,1.017601
149572236736384,45.8843962805482,0.7664977010814793,5427.259,14.663007,0.9499302
154721901916928,45.85286483552229,0.9005191027163698,3664.4695,16.65919,2.2737694
154859340871168,45.81161993572893,0.9032834651368719,5165.2983,18.471556,0.9753723
161903087475072,45.54380773476041,0.889376509407131,3241.142,18.753048,2.539648
168573172029312,45.622836291215506,0.9683383348084807,4381.002,16.881062,1.4342098
173619758246528,45.62732499654128,1.0991225793993864,5112.389,13.140966,1.0721674
177884661147264,46.04284391223799,1.0090189960581437,5585.557,17.277225,0.83439445
179632712267136,46.09528009757321,1.0553560904704251,5447.9155,17.953512,0.9077568
181110181016448,46.032331719119625,1.0541682386679874,3318.0403,18.776913,2.1069412
184546154871936,46.03507938112522,1.1590648301195632,3471.4402,18.005142,2.8464947
186882617213568,46.23365338299639,1.1836516651949756,5613.4814,17.193151,0.8071346
187505387880320,46.37478509229603,1.1743886461800357,4688.0386,13.39479,1.2790489
188020783957632,46.272348511528605,1.1691840238061104,3792.744,14.104657,2.1239967
193995082915328,45.865516910692605,1.105750667544984,5014.1323,17.11876,1.0538445
195919228270720,45.980550945857196,1.1530613145764184,3219.461,18.653248,2.5652714
199634375505280,45.779725357548145,1.2142993236212147,5533.4863,14.634064,0.9683533
201043124775040,45.90494955821598,1.2769390452891702,5395.06,13.802741,1.0392361
206849920557696,45.99143698453016,1.2957712575718778,5237.9463,15.477833,0.9928379
207296597181184,46.0289107615767,1.3240340849783798,5593.0317,15.005253,0.8172312
208808425640704,45.97182175762142,1.3972189917993107,5590.3794,15.941588,0.8160553
211415470467840,45.34218620446898,0.9308971470440152,3399.0627,18.554646,2.8393383
216260193596928,45.3223694323164,1.0442174558893653,4326.6787,17.514648,1.5740662
216809949410560,45.22178810767584,1.0440393606728653,3923.8838,18.469378,1.6288185
223269580259456,45.552429429708766,1.1723653198649953,3490.9297,18.180204,1.9776897
226022654547456,45.42715383300004,1.2104863757519821,4390.3794,16.982048,1.4269276
227637562247424,45.49829565119415,1.24989164139963,3406.1985,17.87044,2.7388153
230382046090112,45.181235337325084,1.1404437070855444,3563.0874,18.450666,2.0048466
231451493212928,45.30648114058715,1.1587818571211166,5148.9175,17.327011,0.97525406
231657651641600,45.32148854019854,1.1972624664004687,3876.3035,17.474718,1.9813824
233719236127616,45.11709598948343,1.1730207877587369,4331.237,14.744965,1.641511
239319873292928,45.38346427970195,1.307036123065266,4968.7603,14.994319,1.0981913
239560391461632,45.35380318414431,1.3154342010732163,5475.6626,16.518932,0.86724186
242682832483968,45.33012650190756,1.3452980570938329,3525.8987,18.701096,2.0515842
250654291806720,45.790939310543735,1.4138183731533114,3561.304,17.715734,2.474802
252750235700608,45.62038974380308,1.3901655185513522,6308.7725,13.310497,0.76109505
258419592691456,45.93889890398227,1.46865426766672,5125.3633,16.973455,0.95985603
261477609576192,45.751341893719726,1.5315490728658834,4263.647,16.46763,1.4272261
264539921250176,45.57197420782886,1.4082443839671894,5798.7515,15.293155,0.8587675
264986597850112,45.479995247897754,1.3901619135723788,5075.225,17.445017,0.9950714
266498426334976,45.617183472107044,1.4690100936497923,3762.4763,17.85994,1.8752193
267804096392448,45.607089622483805,1.505312740465094,4524.8916,16.507006,1.4805756
268628730116736,45.39911428707189,1.4522204319101655,4640.726,15.546314,1.3643141
268937967760256,45.48640220008617,1.4889149985674857,5793.4473,16.861647,0.7655468
271446228658176,45.57581367399368,1.5797749935848533,3895.056,17.528053,1.7447872
271819890831616,45.50531205158424,1.5679748504045823,4729.401,16.90789,1.1677971
272305222116992,45.564795678650334,1.6040536400893215,5537.9565,14.893087,0.9913111
273645251939584,45.743919441005474,1.579172368555478,4441.3677,16.970158,1.3306751
275741195977600,45.81531301561318,1.6412234051836625,4996.1816,13.387558,1.2339277
293947561989248,44.49648573549577,0.9101596852291731,5229.5566,18.88606,0.99262047
299616918594176,44.16623242959934,0.7973227073559653,4147.7554,17.49736,1.774931
302851029689856,44.14655063451078,0.9166303950948544,3459.5042,17.86729,2.442873
304362858180992,44.03939575988291,0.890636379963312,4722.992,16.577467,1.1574078
305634168468480,44.0346105477148,0.9571397355328479,4079.9521,13.796819,1.9459724
305698592300928,44.13710355084125,0.9101951612885746,3211.9248,18.464785,2.7239552
309856120654976,44.259009621754856,1.002283803351167,4908.3135,18.081356,1.0049057
313223375235200,44.25541336020052,1.0549342493058151,4900.7046,17.29977,1.0692902
324871326563840,44.60625567754505,1.1478365175895362,3335.8662,18.563658,2.4951115
328242876351872,44.96954472676409,1.1820876718337372,6398.3037,13.678389,0.75196743
328925775703808,44.90691521096063,1.191869915640067,6153.4277,17.680462,0.6645851
329960863273856,44.73996059140729,1.1418544230012642,4147.359,17.634218,1.759592
330338820406656,44.71791539048989,1.1722214995835445,5851.028,15.77175,0.88555336
342880124869888,44.45509207974977,1.3165494161588533,5176.6963,16.017365,0.97545433
351126462072576,44.57303843452133,1.4278836065012965,4407.1455,16.809643,1.446104
353870945505792,43.9292213468608,1.013316001400136,3644.7754,18.591572,1.8515835
360747188985600,44.1186735820359,1.0705233021359362,4538.378,17.301966,1.2907467
366794502756480,44.04230895052805,1.222551882695955,5289.39,16.070581,0.94816685
369298468327936,44.12963619394272,1.3163585736542218,4987.2505,18.441141,0.99975586
370432339521280,43.83088592674813,1.1375080497035412,3603.522,17.782503,1.8706951
371329988226048,43.795854483927066,1.1650336484215764,4658.6553,16.228682,1.2229147
373833953618560,43.68060185012888,1.1221005600340563,4135.9453,17.683294,1.5563164
380126081241600,43.96577007898231,1.3160586211576497,5642.6665,15.948029,0.84765244
382183369956096,44.026498920514335,1.3677636989477122,4570.4937,18.69252,1.295702
383836933163520,43.80673496392763,1.3302990071673106,6378.604,11.561577,0.70817184
388475497662336,44.2219876441661,1.2729876940927083,5567.015,17.563995,0.8287735
388647296381568,44.24761794630358,1.2915785179962025,5056.7,17.080807,1.0161667
389845591873792,44.416681125002846,1.3209794105840096,3659.7288,16.810493,2.2935543
393212846247168,44.23002331255402,1.3722198338462892,3693.926,17.067911,1.786066
393217141553536,44.2300257508279,1.375227251334248,5312.295,16.426702,0.9287033
393629458441728,44.301910656877446,1.347871693432374,5251.251,16.398191,0.9301462
396893633579904,44.51454325206627,1.4409305419184006,3980.083,17.490433,2.0543003
397340310180608,44.428044088401755,1.4330061791358786,5092.7583,16.516914,1.0439568
398268023111680,44.58478051283493,1.4704792250190801,4381.3843,16.632183,1.4486275
401429119046272,44.33776067938349,1.4795953728027404,4436.148,15.71507,1.4925957
402185033287680,44.370584407211524,1.5279211356362468,5339.1875,15.534697,1.023242
405346129196288,44.20197658919728,1.414995065804345,4531.34,16.975752,1.3471584
405861525273728,44.10390540844733,1.4131890914196736,5221.16,14.231561,1.0019817
407923109572864,44.16352781376748,1.4649086630458916,5166.7534,15.936803,0.9673767
408060548525824,44.188689458398734,1.4795379284173957,4125.0156,16.877277,1.5133553
408094908263680,44.20202239599474,1.4939347606475828,4532.9097,16.359364,1.311327
413278933635968,44.119123422265424,1.6144746863614259,3366.8357,18.278364,2.3547268
413420667709184,44.294728690977486,1.5044837009091323,4202.355,18.022999,1.5514221
419017009944192,44.16452082240831,1.6250191596691084,3959.5493,17.66983,1.637579
420425759223680,44.297917487375045,1.6884305575093164,5401.4023,16.823338,0.96528816
425133042842624,45.16702007221492,1.3479264800448911,5003.4604,16.866278,1.0166645
425236122056576,45.114169343965386,1.3388829254908252,4876.537,18.775427,1.0637283
425545359692288,45.05799493488561,1.3267971514501244,5471.0024,14.092702,0.9173193
427027124102656,44.90773286888059,1.3156665677969366,5402.989,12.941374,1.0786791
431867551578752,45.213539980683116,1.4201348466232762,5306.122,18.70495,0.85170937
434345748389248,45.23074929079968,1.4682827026207574,5893.5493,16.931509,0.7489891
436265598108672,45.11941938021186,1.484442710361671,3326.5579,18.22807,2.7417889
436785289792256,45.02367330784616,1.4755706410262073,4315.5723,14.30944,1.7378435
441045897355392,44.7974994484912,1.4130901263538658,4711.321,17.362955,1.0903645
444481871156480,44.71386691808522,1.4376097737788593,5235.195,15.964966,0.93729687
445237785398912,44.77506952817784,1.510459877852653,4406.9883,9.82194,1.4788389
445370928774016,44.67766815148635,1.4787077116446736,5884.1387,18.015583,0.7374363
454033878448384,44.949358890591256,1.6591056888465487,5112.6133,16.18989,1.3255987
457225038688896,44.97755621598714,1.7657820900716816,4857.54,17.80536,1.0253754
458844241844352,45.268937647249174,1.5632481428309155,4664.613,9.835661,1.3138237
460252991114240,45.47929643226472,1.6351518847009854,4264.6724,16.143515,1.8597994
461593020910464,45.403184984336704,1.6808704393108513,5326.947,13.673603,0.9229183
464371864229632,45.32922690140179,1.6805889868415131,3572.5164,18.330746,2.455103
465956707650048,45.34029981508898,1.7508790219168577,5374.6655,15.188859,0.8938322
466231585589248,45.53701047630909,1.657146430489071,5250.4727,17.212234,0.95552254
343597448960,44.96389626549711,0.04359494367771267,4536.664,18.135033,1.2704048
5497558205696,44.87539152642303,0.11820479739522773,5043.8276,16.318913,1.0823317
6463926589568,44.915263437788866,0.19960614299916293,5433.686,17.888735,0.8735714
8040178948096,44.92104651918846,0.21891547494872696,3500.2463,18.20076,2.1126862
9109626472192,45.16676074640198,0.1824989307054488,4984.018,17.787647,1.0562935
10995116285312,45.267105006638694,0.23105296832994185,3853.5645,18.517681,1.6757889
13301514552192,45.08615561700056,0.24882491792948355,6623.5117,10.789548,0.61828613
15118285072768,45.064710433636456,0.3207178867860149,4844.7407,18.94125,1.075058
16733192740608,45.152965337754885,0.3863421150872851,5956.61,9.925234,0.7235527
18210661403392,44.85004221375973,0.20674928316010213,5136.044,18.054995,0.99619675
35115652874752,44.99106740350177,0.5817285409510972,6210.5103,18.863981,0.5831337
38070590127616,45.51247577779688,0.43955167527870437,3713.017,17.18354,2.2959557
38242388819712,45.47723279049821,0.4438270924884402,3678.524,18.338367,1.8028603
41476500006656,45.286536318761996,0.4921508435665117,4830.583,15.17705,1.2210398
42335493463424,45.39623368786133,0.4911491231379768,5571.944,13.546184,0.90420914
43194486923264,45.294975329630866,0.5298025140397646,4706.319,16.433006,1.1689148
46660524732544,45.60570946882312,0.5823210933981867,4687.3154,18.297659,1.1643181
46797963686144,45.647443259035356,0.5840157860002602,3751.7139,18.638777,1.9117603
51406464405760,45.55996503498674,0.6622668385650634,4549.396,17.682358,1.2763195
51750061767040,45.467191981378804,0.6550745957225156,5412.4385,11.344228,0.9487362
54258322646272,45.11026782402049,0.5330717716426485,4437.2783,16.012856,1.5172939
54803782957312,45.1524698772446,0.5708669996443819,4689.449,16.27964,1.4407053
56594784850688,45.216859584708246,0.6190578550345855,5214.758,16.318497,0.978385
56938381680256,45.25213621824123,0.6254283144546949,4447.299,18.33612,1.2918491
59854664522368,45.159583073667235,0.6481381012390808,5380.0767,15.274554,0.90227604
60026463218816,45.22466466300962,0.6667341844773216,3478.197,18.74054,2.0490665
68964290684160,45.42147353455271,0.8351154904106689,5753.919,12.745422,0.83184624
69647190025088,45.29289046421254,0.8312959951428331,4888.4087,18.983143,1.0003548
77618649217664,44.68442103332063,0.5148420836729204,5539.6597,15.93953,0.94875526
78688096601216,44.64254841715044,0.5422758222655363,5818.6343,13.794991,0.8102541
81604378883456,44.92352197396679,0.5687516046915275,3507.9893,18.136833,2.2789612
82295869155840,44.928352258122594,0.6022252904818833,5210.6025,16.187078,0.98889637
87033217578496,44.8067794330123,0.6713562462489678,3212.094,18.771322,2.851078
88618060992256,44.51942981918217,0.5122864599721535,3021.4028,18.3316,3.3082771
89202176545152,44.45813379082064,0.5112719314090979,5487.393,14.939415,0.855196
89850715929088,44.491265240258485,0.572218208799477,4171.749,17.645994,1.4653625
92225833547520,44.5575137536234,0.6443626037361246,5063.025,15.163223,1.013174
98097053338880,44.626936767945004,0.6883408031567156,4734.633,17.44484,1.1482887
98341866944128,44.5864075089949,0.6882856067691588,4779.136,16.861883,1.1782551
104595339324288,44.62417659906653,0.8070185295228661,3131.568,18.738249,3.1548252
110432199426816,44.904123062641105,0.7251335450231298,3418.4817,18.866337,2.147663
118128780885376,45.20391785007929,0.9113096392855202,7023.241,18.18146,0.4494133
118300579579776,45.26161543691893,0.9197350449115105,3690.3728,17.54366,1.8560333
121289876820864,45.145706690539186,0.9285306678710551,4967.6914,16.466417,1.1080055
123802433069824,44.863128196821954,0.8079690978301279,5118.75,16.466434,1.018858
125413045400960,44.89722157366291,0.8434351761852625,4833.3735,18.602777,1.0721302
127788162720128,44.75591061613937,0.8696145483248345,5405.3237,14.584169,0.94065475
132426727421952,44.98562800436982,0.9533462281598748,4716.266,15.859544,1.3298683
134075994859904,44.98178577642952,1.0282684100147323,3568.071,18.749985,1.9741669
137129716240128,44.97968539841983,1.0591797088534043,5027.5117,15.724622,2.1687794
139397458976000,45.033505931389605,1.1133683700314236,4695.9595,17.944853,1.2022514
140054589313280,44.954261137192056,1.124412037588259,4732.65,16.70153,1.2116871
141733920781568,45.765263586406455,0.6878259628202876,4813.025,17.37265,1.1270447
146101903141888,45.65825650552087,0.7555014089661136,4939.686,15.664488,1.128645
150431230195328,45.8903511012566,0.8196940582346148,3597.8232,16.842327,2.3105288
152355375542400,46.00338831119031,0.875025997331165,5331.203,16.83862,0.9023781
152763396833792,46.000070304179175,0.9135659118967799,4133.793,18.35162,1.5238304
155237297993344,45.75722871742894,0.9033423565872537,4408.38,18.317533,1.341299
156130651193472,45.87922007841304,0.9118663946542043,3251.5518,18.742514,2.4004421
156955284920704,45.90076741929226,0.9556983727893392,4891.356,16.715317,1.0968418
160116381076224,45.54994343556592,0.8511968307580822,3810.086,18.345821,1.7715855
161181532725504,45.65186924294711,0.8839107858182158,4684.3545,17.29695,1.1738186
164273909424896,45.397467406418166,0.9131746805802679,5896.2905,18.960497,0.6816292
167091407990272,45.52374658881131,1.0332197085216603,3552.3162,18.05712,2.4807243
171184512139904,45.79418037764527,1.0811526337678865,3750.289,17.337461,2.1172676
175646982874624,45.67767259893787,1.1526328028668569,5427.5596,18.742962,0.8747463
176334177357184,46.05200581331552,0.9370939622097241,5025.8174,18.846699,0.9116211
177197466380288,46.047322990228345,0.9755527501614943,4210.3125,17.037205,1.6077709
178365697482624,46.15705462813488,1.0185749504495187,5818.2188,14.1223545,0.87283516
180045029052928,46.12338629736872,1.066354906789489,6485.7896,10.276532,0.64614105
180697864082688,45.94159638103293,1.0139952931990945,5812.5044,12.010885,0.7681551
182213988180352,45.98927249907809,1.0862436358865752,4231.742,17.315744,1.5496712
182248347919872,45.939011909484485,1.0681522500033753,3626.278,17.901222,2.1182766
190215511703808,46.10398071096201,1.1685264290416328,4043.0269,18.424725,1.5339394
190769563028736,46.14154542272747,1.2027243604973674,4290.624,17.804718,1.5230618
190833987000576,46.13173015685815,1.2109450792158534,3367.0225,17.765762,2.359476
191555541621888,46.25757550041603,1.2430217193792756,5596.5947,14.66162,0.89446735
192556269420672,46.19892316993211,1.2594460001374166,5083.736,14.790493,0.99328613
192723772743296,46.16700853184218,1.2676131725065858,5388.4683,18.249441,0.8334923
197160474341760,45.88897182758724,1.1922587115557621,3946.6455,18.18342,1.6645622
197602855461760,45.98851942075423,1.2361262658801162,3594.6072,18.907413,1.9725666
203547090202240,46.036199210019504,1.258018636969818,3280.6614,17.788301,2.9512997
206884280295424,46.005289271086816,1.3017517455625809,5189.8027,15.199079,0.9866781
209525684690816,46.08876457744469,1.396920968567392,3489.8105,17.900747,2.2395535
212278759211392,45.2983970083693,0.9585789390014023,5358.2705,16.492699,0.90427685
213408335303168,45.434561278104646,1.0028604927540705,4590.913,17.70307,1.2626419
214473487196544,45.38062369127864,1.0229902957450654,5888.21,17.868332,0.7399769
219077692156288,45.287482206020336,1.106642206970609,3347.995,18.899708,2.1347008
219666102952192,45.343437825893645,1.153078599756801,5757.578,13.955421,0.93302155
221212291177472,45.48487162311274,1.1199060843097526,5637.8794,15.699267,0.9373064
224132868963968,45.5907341141421,1.2332082836988978,6178.4595,13.977945,0.77093697
240037132619904,45.40774164665762,1.308906023397811,3550.918,18.242468,2.0264587
245298467766912,45.308917539600984,1.4073716487510866,4781.3433,16.165125,1.2768326
248283469827584,45.665620293881055,1.3074640375490192,4003.8916,18.990023,1.5460663
249211182774016,45.87442576579323,1.3454310337232733,5759.611,18.02439,0.78051186
249387276685952,45.80754308146311,1.3430594284025932,5282.6777,17.711922,0.94150925
253476085523328,45.763530565517634,1.398755427254224,4151.933,16.676458,1.9677916
254747395842560,45.71193765317008,1.4508818161395647,4856.7695,16.540842,1.0924721
254846179895168,45.69121538796179,1.4481887645494507,5154.427,18.764164,0.99341774
257526239491456,45.98214539877382,1.4607711125543044,5137.2905,17.820608,0.99339104
257869836880640,46.020572585016424,1.478794414522717,3485.4778,18.461376,1.9186497
259557759213184,45.77771144729918,1.433339938297028,3361.692,18.087568,2.2668247
262542761472896,45.91345570957386,1.5698150806947864,6782.3154,18.460932,0.53884697
263573553631232,45.89754521725989,1.6175257970127137,3880.5513,17.521673,2.0875416
266665929901696,45.66483047785202,1.4757591783079564,3311.0056,18.692862,2.6499004
270651659565568,45.562492689361775,1.5296958901056015,3459.8196,17.968409,2.3639584
271235775278976,45.59161741960864,1.5658061959024459,3718.5125,18.428204,1.6355476
276428390718848,45.761035924172226,1.6618804142299497,3326.5942,16.8183,2.7652884
277386168452992,45.612447293680745,1.60242622942717,4272.534,18.322802,1.4704914
278352536068864,45.61163003830206,1.643868909587183,3617.9585,17.433754,1.8347244
278760557996032,45.62943121368457,1.6658423805052054,6881.932,18.0919,0.61460686
280482839846400,45.659039408507056,1.7057706481518553,5461.169,15.770468,0.91136837
281376193041920,45.7147214275684,1.7701537267437988,5176.7246,16.243704,0.9657812
282574488349952,44.25818959034794,0.6454493378923786,4864.962,17.023537,1.1035881
288110701932672,44.306497659876776,0.7583632939843437,3334.775,18.567358,2.401352
288381284146944,44.28469671107565,0.7885877001198323,4978.5137,18.14695,1.0504723
288488659053952,44.295647100508965,0.7959497208919795,3611.9255,17.350712,1.8624477
289274637347456,44.25796507577373,0.813499044638342,4697.6226,18.358892,1.1925449
292813690618880,44.52754524501885,0.8555965344014793,3553.7615,17.625109,2.0003948
298379968247552,44.42870205152747,0.9883411337731437,4921.826,18.587175,1.0151539
302262618430464,44.26486195433251,0.9174680204817681,4417.639,13.320649,1.5543537
302331337942272,44.252918653100345,0.9198859759640502,4650.0444,17.992975,1.2166996
306901183150464,44.09645143703127,0.9633328530842525,5497.9194,18.605782,0.8088455
307042917741312,44.05448223390133,0.9546252936700601,6083.015,14.022867,0.77728844
319545567090560,44.7927374760415,1.034519863807558,3552.6846,15.761211,2.4516096
321370928661504,44.547276531184714,1.0142861539481491,5751.3643,15.950926,0.88751125
326456169958784,44.88133534522444,1.144051124426638,5550.6245,14.482502,0.95678806
330506323666560,44.78930459358567,1.1843281232606293,3421.6172,18.808493,2.1477985
334045376759552,44.791014143277586,1.3083015560920443,3867.4102,18.839428,1.5740376
336626652490752,44.591834409158594,1.1506841158955052,4716.064,15.433024,1.3129158
337824947939456,44.501003496341596,1.186373651528525,4949.529,17.692747,1.0614891
342360433434112,44.4276165410548,1.2747902317712594,5085.1396,16.374796,0.99544144
342948844346368,44.48369400103946,1.321593877849038,4840.1284,17.51506,1.102396
349988295245696,44.62176949752362,1.3762960670618976,5793.3076,13.482303,0.8804016
354145823411072,44.02541116444316,1.0004729380281614,3652.407,18.720892,1.8091393
355421429362688,43.96722010214277,1.0439052569150515,5792.9927,15.638409,0.8487787
357173776019968,43.879316861357516,1.0622246872489538,4568.0835,15.501395,1.3442469
357620452619776,43.79407641458815,1.040702521499923,4097.975,16.692327,1.547288
358887467319296,43.94739246312794,1.0995238569190668,3552.2517,18.080465,1.9595852
361056426452608,44.11192106221787,1.0899984644251317,4820.093,18.357355,1.1132298
361086490575744,44.132498052050884,1.1057387266590015,5117.314,16.784925,0.9856911
361704965869696,44.169272859485424,1.14434787497429,3222.055,17.305037,3.1701412
364320601592832,44.14582140288447,1.204601847168142,5048.7393,17.448322,1.0165787
366137372121856,43.991427221543866,1.165029409702998,3561.0107,18.402113,2.4519672
367168164282752,44.02889521505427,1.2530266715867964,3521.5789,18.956753,2.0083103
367344258568960,44.1275819580328,1.2203131261134366,6103.229,13.895204,0.74722004
370844656380288,43.71295154138339,1.1122816027956297,4066.7273,16.898525,1.9980927
378511173542144,43.92873945852731,1.2224002188166154,5499.5347,12.323927,0.93049526
379335807262848,43.89588456241069,1.2439045819608283,5592.0,11.095116,0.9407835
384489767994752,43.877665099333,1.3795682729244723,5951.334,15.59848,0.82139397
384867725134592,43.96544213698623,1.3600975288023434,3829.8591,17.15932,1.7108974
386620071974400,43.96765711106944,1.4425374679592875,5909.8135,15.923537,0.827055
388746080235776,44.28099987728955,1.288799683030194,5004.771,17.115574,1.0439587
391602233852416,44.24578919779684,1.3074244879443628,4465.9834,17.77939,1.3282967
393182781815424,44.2117018996362,1.366611135243115,5097.849,13.440147,1.1852713
396653115582720,44.484914239359085,1.407718912964752,5933.34,18.517681,0.7734699
397683907733120,44.491066326218935,1.4549677717791045,5526.0366,16.036987,0.9208803
398572965456384,44.603527645933276,1.4577679553822227,3876.099,17.795675,1.741005
400737628978176,44.38172631240146,1.4773147571372234,4526.8716,18.514929,1.2717228
403559422184576,44.43629652166303,1.5421864662324434,5238.277,16.688906,0.9432697
404865092860928,44.150263547053726,1.3902824588113085,3479.1787,17.022242,2.4158897
406548720039680,44.104918900912736,1.4481051944423289,4729.819,13.065529,1.2015371
466605247229568,45.52922151739277,1.6946864282970584,4790.91,17.617365,1.1345139
470079876281088,45.63174882064753,1.8051358301371687,4746.3228,17.378706,1.1685867
472618201510912,45.419139268015186,1.8381232793583446,5700.116,18.247374,0.7943287
473069173520768,45.50720563810136,1.8201120446165255,4943.7446,15.082173,1.1282635
473928166979456,45.493464306130754,1.8395563349042903,4035.319,17.40842,1.6783123
479769322479488,45.068130043954476,1.759645568168028,4000.0073,17.430017,2.022602
480697035414272,45.05630841540111,1.7913428066589745,4431.1343,13.176755,1.5596933
481414294535424,45.06665387986,1.8415660438451618,5739.4478,16.894043,0.7790489
483548893692160,45.15515470475751,1.9035609881546167,5410.8667,16.331558,0.8963976
486572550696064,45.49705244490149,1.9231581156170483,5183.743,16.532837,0.94566154
488561120150784,45.235280756097616,1.9097852288966986,5606.9272,17.707447,0.7969322
494234772311936,44.64626836152659,1.572227128560446,5313.9023,16.96687,0.912447
497670746147072,44.63000344647707,1.6350437670099227,4746.1533,16.919577,1.2261181
497705105884928,44.6442560725093,1.6381010592062506,5628.942,16.812582,0.81921196
502137512125056,44.87843987492379,1.7186961805087742,5788.38,12.089806,0.81565094
504847636078848,44.895679810003806,1.7914710481612564,3693.845,17.858408,1.8093777
505328672429056,44.91977865101779,1.8201753308750415,3553.5078,17.61848,2.3808346
505672269825152,44.92565224533278,1.8463230977688987,4275.801,16.968515,1.6212597
506123241778560,44.697009221984246,1.7550525563029853,4838.699,12.719802,1.2235336
509451841058176,44.76321077051672,1.872238243456848,3753.7534,17.831253,2.2045403
509731014298880,44.82211182800146,1.8913662226793306,5987.257,14.601377,0.7889395
509829798197120,44.82617517604796,1.9037741871954792,3530.6655,18.723333,2.070856
511895677830528,44.466249348623414,1.7330199832359852,5555.917,14.483674,1.0123138
515915767186944,44.35774136892423,1.8030212089588835,4660.84,15.32163,1.2964506
516048910790144,44.31864124487895,1.8012721953936903,3283.319,18.281334,2.5154285
518149150180352,44.412494343680876,1.852304503279199,4991.8853,15.902232,1.1036034
518286589162112,44.42343611744928,1.8775013621832872,3551.2573,18.278315,2.19244
521516404561024,44.705592651887024,1.8971281282622632,5134.942,15.588152,1.0278502
526253753181568,44.7236865495583,2.0050638829130123,5425.65,18.767818,0.86972046
531991829484672,45.069988720103375,1.9896576468285625,4110.0693,18.014526,1.5374241
532575944998016,44.9149396714373,1.9069663261717282,3951.1655,18.877928,1.5287838
535088501241984,45.07804857726404,2.007011610486781,4270.7686,17.772018,1.4566555
538387036119808,45.20270796904931,2.056037512184596,4294.849,16.129559,1.4468346
545701365090176,44.794774304341374,1.981138447936506,4776.0283,16.55035,1.2320929
547556790977280,44.91615389142821,2.0255016981259812,5255.828,17.826618,0.9429283
547625510455552,44.908181158100405,2.0309340363750907,3259.192,18.831196,2.3418388
556318524304000,45.00482242047837,2.2242843048300673,3912.3525,18.634914,1.6343193
562846874604416,45.00287223011912,2.36805830746934,3380.591,18.464287,2.1970215
563332206240128,46.38846140850939,1.2442503585949811,4601.579,16.039412,1.3484116
565943546370432,46.55966020891284,1.3538821127904828,5172.077,11.877888,1.014308
571677327358592,46.39134433347097,1.47101655403842,4982.0566,18.502384,1.0461636
572849853761408,46.52914548101974,1.3890896493907294,5597.624,14.44943,0.92883015
576766863932416,46.530597683193854,1.4728144106557972,5822.443,15.049601,0.8601141
581508507833856,46.270174744004656,1.42368210791111,5759.165,14.795806,0.9039383
583879329779456,46.28552288778214,1.4750528361580666,5557.015,14.092111,0.8669729
584699668217728,46.30450196557535,1.526561791870501,6046.9463,18.07114,0.70313454
590403384414848,46.452178943045254,1.5943920073491422,3554.9849,17.951025,1.9713421
603528804494464,46.725242838369404,1.6661111730408351,5476.324,16.80214,0.86761665
605487309598336,46.81128087376931,1.7200171856308497,5238.242,17.548315,0.9077492
606930418588416,46.940689047387245,1.6526188258098122,4154.5415,15.7655525,1.8013229
607175232404608,46.957223491283195,1.6822878572244406,5699.49,15.941362,0.8674717
608515262200832,46.8746647202057,1.7367531401229617,6964.3447,14.926808,0.6041889
619918399749888,46.63752870068632,1.8243243082446494,4208.713,17.02869,1.7565651
622151782746496,46.46934193753962,1.8308863119901195,4359.0,18.594412,1.3379345
624213367072256,46.607803842388414,1.9084153387690765,3856.2966,17.33779,1.8135338
625763850825856,46.73092975327499,1.8546458992614938,4497.353,16.36042,1.5880957
627786779724800,46.88893422744346,1.9655715902143707,5750.2783,15.452764,0.8733635
629573486263552,46.7163648065762,1.928708245717664,4638.961,18.690033,1.2005253
630260681034112,46.64619069686591,1.9456168603004296,3274.7217,17.481764,2.8837185
630741717382016,46.70512646196769,1.981271309357138,4372.1553,17.194355,1.3833084
631467567390336,46.72777754580366,1.9803463357138833,3345.072,18.041708,2.4871635
631982963462400,46.78226120349799,2.0153356250479235,4330.6426,16.36433,1.7821655
633971533093504,46.09695711141201,1.5649944293293092,4085.836,18.748312,1.5996418
635517720885504,46.13965605248268,1.5761240241083545,5650.7295,16.449408,0.81421757
636587168392320,46.18702547963356,1.6638745062919553,3416.4912,17.542383,2.6400127
640813416212224,46.06557764397508,1.719893226608226,5387.9536,15.498942,1.0353689
645516404728064,46.26556550530389,1.7808615760436424,6345.811,11.651654,0.68870926
645688203894784,46.260286548436675,1.783900376851763,4045.4934,17.330673,1.5908089
647337471336192,46.161053381801054,1.7828881491415909,5130.2534,18.63733,1.0139008
651872957092224,45.930908714845614,1.723002587658907,3554.9634,18.270426,1.9189606
652598806475904,45.89451365209104,1.7296687093769572,6265.7593,13.37599,0.78904533
654484297211392,45.90392279323512,1.7776444874904356,3967.4304,18.633753,1.5812988
659019782681856,45.83537711847823,1.8694377042652346,4010.5574,17.609608,1.5247803
659367674908032,45.89557682428238,1.9056279719262734,3366.553,17.194817,2.8736038
662490115933312,46.20173908865313,1.9266802022350298,4910.4346,11.66687,1.294074
664276822329216,45.99497974973975,1.9001445318904724,4482.721,15.782543,1.4452906
666858097886464,46.10084484146966,1.9845754333996097,4983.939,16.80124,1.0376225
672076482624384,46.428589697465604,1.926837787946552,4843.483,18.754993,1.0922451
673897549151488,46.368277280138166,1.9540625483170815,5788.243,15.960473,0.84975433
675619831198720,46.41153374841354,2.002105666411729,3669.895,16.355398,2.282834
677745839471872,46.59028779871884,1.9890454385362877,3990.0503,17.90537,1.6126785
678845351108608,46.5513410436073,2.0382670020861764,4650.734,18.970089,1.1561947
680082301695744,46.723436818629295,2.0672951326742575,4045.6956,18.14128,1.6381397
681387971760128,46.693955447160334,2.1413875317357016,4789.269,16.647493,1.2515078
687263487383808,46.18066029627278,1.992655122284139,3616.2012,18.63729,1.8564701
689015833949824,46.396742061686666,2.0864550916072835,5082.96,15.171601,1.1305666
689432445990528,46.28333264693339,2.0733470170104624,5322.185,15.117147,0.8969364
689462510652800,46.25713471006418,2.0678870436701065,5009.8784,18.551294,0.9805317
693860557058688,46.17439900052253,2.1375390122879345,5988.7754,11.8260975,0.8485918
694719550652544,46.210202464000986,2.2181471347908137,3572.3948,18.625324,2.3538342
694925709058816,46.418744407467415,2.101062704032219,4154.8315,18.832333,1.4782867
696407472874624,46.364345437895686,2.1769223855018267,5063.0195,15.940776,1.0387526
698022380603520,46.515656657998385,2.2410955297199044,6062.3623,12.955891,0.74884224
701969455459712,46.40358762075513,2.295613832810073,4558.5186,18.567736,1.2680187
706092623488256,47.20306660373268,1.8980195528615675,4806.1206,18.592186,1.0890484
707638811726080,47.19722970309492,1.9704596675793002,3133.1157,17.701046,3.2662544
710254447525504,47.02201908666429,2.0049989695692423,5153.154,13.731757,1.0923815
711727620598144,47.02949299899828,2.017902935020905,3557.2593,18.18838,2.1526833
714343256383488,47.29399821284462,2.0449764803485304,5113.147,17.021719,1.175396
714446335599104,47.27549145274693,2.0495682049288027,3524.511,16.95069,2.4940186
722933190460800,46.93435712846661,2.018633492703518,5683.418,18.872328,0.74887085
724543802977664,47.064129603438545,2.120499429857489,4801.2866,12.060902,1.1744242
725029135019648,46.99226177974241,2.112111474296722,5815.377,14.468855,0.8384352
732480902626304,47.20493756307748,2.202659916358169,3063.8723,18.956335,2.904438
733309831955840,47.231153928584206,2.26303352268384,4837.334,15.553333,1.113203
734512422806400,47.03111921326226,2.1790434912398866,5370.8076,16.40809,0.92148113
736092970731904,46.982534191789746,2.2709078961088993,3814.169,17.272135,2.230444
739833887052672,47.4965121525072,2.1735758460651606,3640.1582,17.11423,2.0308914
740078700441984,47.42171877928575,2.153813152423224,5795.2734,10.66761,0.7840824
740830319452928,47.45110989954596,2.2054566737348864,9406.721,10.966603,0.13231659
741143852330368,47.53950212434702,2.1867612592240273,3713.384,16.869534,2.0389233
742376507696128,47.51680000375789,2.234979247367298,5792.945,18.296188,0.7525387
744167509277568,47.38363103088845,2.246877095628207,5075.5063,17.835705,0.9970341
746091654654208,47.499109460905466,2.299392591179122,3454.367,17.791655,2.8189373
752753148707200,47.610039595265874,2.3822858684144146,4196.658,16.489887,1.6863384
753783940862720,47.54227942551981,2.406711359622583,3407.6162,18.022406,2.7652168
755879884916352,47.593827452695045,2.490733132878604,3320.2888,18.52953,2.4877949
760003053504512,47.35132443392596,2.3927492701922874,3454.7861,18.471003,2.1634865
761038140815616,47.22882786580627,2.344420694896897,5409.349,14.9545355,0.9665594
762412530349824,47.156412404348195,2.4062524860255725,3573.5815,17.752579,2.1460228
763408962758912,47.2541180192853,2.418495690397255,5868.7344,15.605158,0.9048424
767940153088128,47.54161315942533,2.522376521729658,3960.0103,17.760643,1.7879925
774747676405120,46.82456562973903,2.1512496210049297,4307.2314,17.024605,1.4337502
777565174947072,46.81558728903834,2.2442438900566337,5527.9604,16.27997,0.8949785
780107795589248,46.670933011964024,2.2546231952227322,5647.5537,15.339874,0.86772156
791579652542336,46.92567201208868,2.5119917047405584,5628.775,13.033788,0.98162174
791618307922176,46.92613078760694,2.5293638989286893,5435.894,15.973645,0.8889389
792679164930944,46.61469448346248,2.340498265620432,3238.43,18.921045,2.675148
803060100162048,46.85034396248244,2.5085345993444985,4097.7793,18.539867,1.4947834
807251988881664,46.76495552005059,2.57685116168873,3819.1912,15.802208,2.105525
810133911413760,47.117028807909314,2.4688452350006465,5080.3403,17.708916,0.96466637
815670124775296,47.00399087003904,2.585891121839802,4740.807,17.455791,1.147604
818899940217344,47.31751177825932,2.6124486367705124,4563.303,17.54982,1.2817917
819346616817024,47.25653538681642,2.609119023833319,3718.833,16.826223,2.252802
821202042683392,47.41574335788391,2.6957574961022712,6067.883,15.068232,0.83955765
821305121897856,47.413617380635195,2.7098748560723336,6339.0073,14.6706295,0.854722
822782589957376,47.16585895247418,2.6524247672355044,3122.3,18.927404,2.9077187
830925848605312,47.05175219201727,2.7329316341100744,4895.0576,17.264675,1.1103191
832437677099776,46.80498142222226,2.6786953102297786,4381.899,16.93193,1.3350353
833601612761728,46.96811913801309,2.7276344159256274,3558.0522,17.463469,2.4842796
834464901657344,46.966055778603696,2.775366972099784,4383.475,17.11845,1.3619461
840267402013440,47.05027469249368,2.8097333349407467,3400.22,18.104465,2.465145
840890172065792,47.05635006923759,2.8372286111789777,5259.384,11.049146,0.954463
843325418732160,47.05948241359271,2.8826167984971427,5017.591,16.477924,1.0837812
844223067347200,47.07114122295001,2.9452613401288534,4518.6855,15.70702,1.292098
845013341290496,45.75734326216005,1.8515917348068065,3757.6462,16.987555,2.430585
847448587131520,45.81535645670178,1.9272719250483905,3256.586,18.378386,2.4988537
847624681559680,45.84320694036242,1.9628683024591094,5711.0977,18.997488,0.75416183
850059927761920,45.59511156816864,1.9290085437967686,5823.6704,16.10283,0.86056995
850339100737664,45.57246368143156,1.9483723232909922,4439.3613,14.828534,1.5211945
858306264470144,45.85659695731579,2.0827487126144133,4349.9785,18.446692,1.3107929
861570439632384,45.88400659071614,2.1956769157564104,3258.6892,18.99343,2.3411446
861780893598080,45.87510990701211,2.202875840460571,4649.2275,16.512527,1.1874151
864701471370368,45.612886323576596,2.0723852946486643,5326.9263,14.599135,1.1120701
865148147967232,45.63772553454636,2.1031910180817364,4552.959,15.319712,1.351491
866247659594496,45.59203201266155,2.1303522871108127,3625.8423,17.759249,1.8558712
868408028070400,45.405644369932,2.1210302027476646,4516.087,17.011105,1.5282917
870508267113984,45.550453286397506,2.205024252543665,5095.443,14.67885,0.9791174
874283542837760,45.771560816429876,2.2399418056576152,5670.2603,18.38676,0.80408096
877032321915904,45.64661209579871,2.2785223414192997,3774.229,18.554153,1.7395878
886004509143424,45.92637695030554,2.2754433493141804,5574.3027,15.535588,0.8812475
889607986165376,46.18614922743994,2.3032475429296215,5450.734,16.914858,0.87381935
1340029955712,44.96907662980059,0.08442520281043711,4550.9297,17.778534,1.2566853
5050881701504,44.95293834446748,0.13389088654489384,3364.7883,18.225672,2.897768
9689446227072,45.18244129477866,0.218552498227712,4201.7227,16.613949,1.807581
22814866348800,44.752845569005785,0.28442389013295816,3455.006,18.244738,2.0636978
25838523460224,44.82054995678415,0.3867782145404815,4891.388,18.769085,1.0768547
29652454445824,45.13473944081253,0.48188545186275167,4875.986,17.711603,1.0602951
33328946452480,44.974412090269375,0.48526934944232775,3773.9036,18.267248,1.7377796
36803575600128,45.305616062510474,0.39470494697057207,6035.1694,15.909903,0.8839159
40681930443392,45.22555684914919,0.4228565278426573,5728.393,18.641748,0.7964859
42919609016576,45.319795145959716,0.5061543314266037,6170.0366,12.505317,0.8307781
51646982549632,45.57390343645489,0.7006787877102088,4520.6357,14.570078,1.5233498
54700703735552,45.14794764243648,0.5529204469580976,5246.154,18.375675,0.9436302
55632712209920,45.303459937987455,0.588835619441206,4661.385,17.034092,1.1812725
56968446492288,45.23434978437742,0.6283870970916954,3344.3909,18.518803,2.7737465
64115272101376,45.39799278938903,0.710659075397926,3794.1746,18.846588,2.042057
64699387672576,45.462793027708244,0.7574687726629378,3376.5107,17.98764,2.6250439
65146064264832,45.37288232210855,0.7428580514212535,4277.1226,17.897623,1.3945293
69200513429504,45.38992222099362,0.841709254988463,4342.6606,17.306292,1.8753395
70407399692928,44.66926326686508,0.31778989022479587,4911.1274,15.626632,1.1798687
75630079889280,44.59266884505349,0.4542824771138768,4721.4004,14.928318,1.2959032
82467667849472,44.86624565979251,0.5615030160776043,4905.886,10.6514225,1.1890631
84799834555520,44.711404877257976,0.5840330069369702,3243.1516,18.2444,2.8867378
85005992988672,44.65059618554171,0.5949811123987407,3633.4998,17.60356,1.9133797
91813516855040,44.55694945795242,0.6038129733176285,4781.354,18.730042,1.100956
100192997396992,44.712338696714234,0.7345470133567437,4657.0034,18.13079,1.2052593
106485124962560,45.02117353004847,0.6832706637385649,4484.9463,16.522797,1.3382692
109714940365312,45.0733696482864,0.7803359527368653,4811.9497,16.74751,1.1291828
110088602033152,44.943017735158,0.6990716549895101,4700.406,17.849546,1.2135868
114009907853184,45.0121339307097,0.8528758762557055,4198.5776,17.461363,1.6976452
115861038128768,45.13085775423719,0.8281025899810145,3153.9592,18.850367,2.9164963
116754391334784,45.27478968269127,0.8527749167624671,4670.04,18.732903,1.1785374
120710056637440,45.07776899591556,0.929174932410729,5074.141,16.709759,1.0129128
122595546892672,45.17850887755891,0.9756022322224892,3216.1877,18.386456,3.0422802
122943439626112,45.14750274099262,1.0047603412980004,3726.7646,16.24922,2.3748598
123729418203776,44.87044748858703,0.8009087967329396,3423.4133,18.507719,2.5154762
126276334256640,44.936296776864104,0.9057380552556714,3815.723,16.903381,2.1315718
127474629732096,44.908587306947815,0.9515218892736087,3286.8608,18.537004,2.418089
135587823417984,45.01460700691154,1.0450944608161659,3968.6523,17.7073,1.8487759
137026637020032,44.980612718258214,1.0337274568109371,3728.414,17.711103,2.278988
137134011552384,44.977123247156676,1.0454779715330298,4460.047,16.10844,1.2869911
138194868131840,44.92312988671428,1.0895050013030358,4606.718,18.824102,1.1957664
138744624121856,45.009828106125084,1.0851269216015154,3141.112,18.991606,2.7215214
140428251129984,45.02229810012019,1.1589014800994277,3316.0664,18.622297,2.2973404
140634409560704,45.0072642049422,1.1791031823243094,3506.5952,18.094717,2.4097404
144590074673920,45.79181822519235,0.7496236246530575,5396.5977,15.673472,0.893075
144929376460416,45.75534830263765,0.7779376366311606,3693.78,17.81772,2.2965221
145169894618112,45.62954659793602,0.6856698262636293,4251.421,16.152475,1.7603741
146544284158336,45.55229685202255,0.7467077047373978,3816.4436,18.330488,1.9305592
150014617740928,45.873234548779735,0.8024625806668447,3427.353,17.291662,2.3106632
155993212243712,45.78796541697345,0.9408502050694,4311.1865,18.34639,1.4217625
156130651191808,45.87353177804043,0.9072611285012481,3553.4414,18.25847,2.190525
157401961522304,45.870930114437755,0.973310084631101,4907.847,17.499382,1.0532951
161250252204416,45.69002615986985,0.8895427225499614,4479.24,17.844141,1.279417
165373421057280,45.54061002787663,0.9540233109231524,4975.7593,18.333975,1.0936165
170909634234752,45.74626655295629,1.0632865684252881,3518.7903,17.671738,2.565403
172245368747008,45.69832899080063,1.0432776338688856,3472.7478,17.713837,2.1453152
173241801125376,45.60391546729169,1.057105411332563,6296.5586,12.803582,0.7465334
177949085077504,46.02568971774998,1.0183996134060642,3469.9731,18.785482,1.9755058
181144540751488,45.99741821095026,1.0371684415255797,3264.0676,18.551483,2.6216602
181625577088896,45.93720562188412,1.0386059292666459,5109.92,17.547098,0.9725361
191280663730944,46.14582941649091,1.256297935570878,4749.237,17.89574,1.1677551
191594196747136,46.210305277400565,1.225705546267601,4996.906,15.470068,1.071166
193277823924864,46.220283885169295,1.3037179819155764,6082.461,17.457022,0.69327545
193896299199872,45.85698870155772,1.099057546684038,4883.629,14.565585,1.0922928
199630080275200,45.77418966634767,1.2140975270727121,4370.1084,18.891039,1.2658844
200214195576832,45.883632761395866,1.2257777518844968,4464.39,16.50277,1.5627737
200695231916800,45.928617646042795,1.248928415775527,3319.2554,18.583046,2.1100807
207193517941120,45.95858220884293,1.3221504715277557,4307.981,17.230442,1.6123734
209701778899840,46.11458490727763,1.4255162416728075,3627.4749,17.592241,2.336403
212794155284480,45.35915619790441,0.985931186646337,5608.858,13.395508,0.9464989
214645285894272,45.41572190687485,1.0467640941016791,4487.7344,17.973974,1.269268
219219426355328,45.31128932090873,1.125785323288032,4287.1133,18.792883,1.4272594
222724119691264,45.65017418184998,1.177116793691254,4637.3057,17.245346,1.1934566
226400611667072,45.452609890455676,1.2543002655603177,4686.4355,16.741669,1.2036972
227805065750400,45.48914656132355,1.263772460392582,4262.2266,18.407887,1.43116
230111463421440,45.1206827330485,1.1177322559335696,5975.327,16.062061,1.0497131
232894602223360,45.235686438052284,1.2323166758475688,4610.247,15.112117,1.3154993
238181706738176,45.414699416013725,1.2654245405472835,5678.908,18.683273,0.80153656
238392160389632,45.357559582042505,1.2697276836692,4910.097,14.323428,1.1984396
243232588173440,45.240669851803254,1.355838668133081,5684.0483,12.87005,0.83923626
243717919802624,45.2976334791632,1.3878226514689742,5669.6904,14.097511,0.88931274
248386549050112,45.715395898038885,1.3324859459523972,4455.591,18.757685,1.2614708
248592707469568,45.800456561524584,1.295283672231807,3849.2852,18.090801,1.6587296
249142463295232,45.830873890303,1.3357236725550001,3249.5818,18.850243,2.813074
250624227238656,45.77114797702724,1.3985106553053754,4846.866,15.830902,1.0756445
257835477139712,46.0095141159977,1.4702968253360156,3176.4998,18.731932,2.929821
259450385016704,45.96077704382603,1.555081394630976,3553.3674,17.969034,2.4650688
264192028711040,45.51292748296015,1.3750046661086617,3554.2998,18.00438,2.6175652
268796233682816,45.44167975070045,1.4840996845971846,3690.7417,16.819036,2.288972
271136991013504,45.57813374460757,1.5580658304115553,3684.4072,17.270182,2.202219
275771260754688,45.806771274094174,1.6363144407790675,4378.6934,17.315523,1.3121319
276905132125696,45.769948550651115,1.6874870746098662,5109.4263,16.498781,1.0463734
277867204796160,45.68313121854824,1.6466541767133176,3211.0874,18.371107,2.975689
283575216469248,44.3042769367214,0.7234181377104015,7692.439,13.858904,0.42405033
285185828473984,44.34469708965222,0.7528150862046167,5276.4116,16.31461,0.95130634
285460706383360,44.40549421900364,0.773829762241516,4912.2056,18.991405,1.034359
297280456613120,44.47065730487389,0.9389053993206834,3321.2515,18.882246,2.392664
304599080667648,44.001835336927996,0.8780672893854088,4137.755,16.707857,1.9497175
304770879361920,43.99961882472127,0.8865111592551059,6919.281,18.588224,0.46710396
305732952040832,44.11053647692284,0.9198763244405596,3419.178,18.113375,2.0835838
320511935224192,44.735379864454835,1.0507763357751503,5188.828,12.237875,1.1154299
320718093802368,44.74536901303269,1.0773950153983158,5800.783,10.044208,0.7852421
321336568923520,44.54057449147348,1.003200219195809,4901.447,14.784766,1.1754055
323290778577280,44.65822449995138,1.0564346678854133,3684.8684,17.34002,2.2918625
323565656488576,44.639195730681976,1.0786042093190484,5760.3003,16.813683,0.78616524
325803334931712,44.79895169007018,1.0830050507042839,5508.3877,14.928532,0.85364056
327349523156096,44.85038715163351,1.165335407105016,4776.3613,17.657043,1.1597729
332774066427392,44.892967833928694,1.269803846580926,5637.861,17.634115,0.80430603
333396836534272,44.805225592009485,1.2721207542929394,4400.8115,17.242334,1.7721558
334973089637760,44.54933406127911,1.1186741443290333,3546.9358,18.317366,2.1782722
335114824032512,44.50573146930362,1.1157556972523734,3612.9011,18.08996,2.195078
335492781129472,44.456309302149144,1.1125628037701667,5554.16,15.886522,0.9361143
338615221943552,44.56212543792798,1.252157853694235,3433.5073,18.697601,2.0683632
339925187377024,44.36684594466637,1.1967021533578466,4695.1704,14.636201,1.2573261
341711893766272,44.50422758783126,1.2740888468306553,4644.7427,16.390985,1.1923313
344215859296000,44.595350768367744,1.2455604485127452,5368.42,18.318607,0.8863869
358543869931520,43.94624979990418,1.0671287900193687,5598.1924,17.872028,0.80513954
367138100139136,44.04742688132085,1.2521857516689292,3755.6829,16.822784,2.2796354
367958438516096,44.20347025265735,1.269827586528932,5135.0376,18.15687,0.99020195
370088742135936,43.80699252812378,1.1114672108991714,4058.8652,18.30449,1.9023151
370093037645952,43.810221952349,1.1049275764159978,4059.3555,17.14975,1.8927383
372704377758592,43.89501160111407,1.2210264317306188,4907.861,16.120934,1.0658455
374521148392064,43.739285986886514,1.1828653814396357,3849.902,18.525196,1.7140923
375895537935104,43.681888984709325,1.2369786252158361,5365.568,18.04722,0.8837471
377136783985920,43.717249374979275,1.2425005540002758,4806.672,16.26375,1.1982231
378442454064128,43.954407520336595,1.2379781286897222,5559.407,16.058659,0.8605547
382080290739584,44.02898148425173,1.3504616780588785,4502.1475,17.750635,1.3347664
382183370232192,44.03036949611241,1.3742676244759422,5709.386,17.32162,0.7580986
384489767994624,43.868656860616944,1.3842192196479441,5845.7656,17.664036,0.7484951
384554192011648,43.831452943490625,1.3749109746483945,3330.6948,18.749386,2.5455894
391980191001984,44.256240859225564,1.3180743885426665,4976.882,17.07015,1.0601444
394759034482176,44.26479424064471,1.3981094067266624,4364.038,18.384113,1.3348408
396412597243520,44.53199164705712,1.4018065294550672,3463.797,17.591452,2.579996
397439094089216,44.42545084594613,1.4510325086102507,3774.573,17.541452,1.8166466
397679613355648,44.492226633765135,1.4555879738235145,3720.6587,18.150497,2.103014
399363239449984,44.541197736933796,1.502980114520074,3647.1052,17.830833,2.2345028
406303906583296,44.135120949075976,1.4329529654999205,5529.262,18.80483,0.77267647
406583079777920,44.111763776482306,1.4496792147868414,5445.5327,16.935137,0.8991566
406613144233344,44.083143499371445,1.4504828359397852,5314.8853,16.967888,0.9292202
407098475852160,44.1920177308537,1.4501256120692265,5202.2793,17.554672,0.9589844
409636801215232,44.06327880021275,1.476392697916186,3861.9807,18.008892,1.7136669
415276093579008,44.30739946754864,1.6105813039796004,4403.7163,15.591642,1.5898962
427851757822848,44.88830814449769,1.3411143049731353,4638.721,14.749033,1.2598181
429844622642688,45.033952970023286,1.4437292332137817,4501.5547,15.848401,1.4182215
433830352313600,45.29291185844328,1.4738936865606607,5476.0444,16.396095,0.84598255
440388766740096,44.869936609901515,1.4000066408199423,3166.739,18.768938,2.880312
442415991268736,44.914893518625156,1.4623383341088814,3734.58,17.80544,2.1460972
447501232640384,44.77450454942328,1.5380265812371552,3386.301,17.980122,2.7494717
450151228015616,44.963492892031944,1.5887943219475158,5462.791,13.548434,1.2120552
450421810425856,45.03673148479348,1.6096748623484973,4682.2515,16.912098,1.1687126
459149183944320,45.359175792984054,1.5950142055534762,5194.922,12.443651,1.0465918
460768387190656,45.39245512538235,1.6242145959994825,6053.9214,15.491495,0.7890749
462413359121792,45.29079220357358,1.624977805995764,3278.2832,18.52803,2.3970203
462486374109696,45.332146380672036,1.6336231550676739,4629.982,17.204948,1.2086601
464921620061440,45.37491754639972,1.7218229968795866,3350.3467,18.593018,2.4816952
465402656396800,45.293756192649305,1.718599290521031,3936.0454,18.933777,1.695734
467017564092928,45.54365124500488,1.7026971409532046,3330.3164,18.604109,2.4814377
470732711313664,45.4602218102716,1.741742330218613,5438.3,16.990675,0.85694504
471832222941184,45.41716816582247,1.778987407269051,4189.246,16.162533,1.8307495
473618929332736,45.541875807618965,1.8588022890989864,5178.1855,16.758917,0.99865913
476848744716032,45.18628710975784,1.746132893487359,4761.496,14.092808,1.263072
481212431486720,45.12666692050034,1.8277281603866762,5527.396,15.900884,0.91537476
34361129088,45.00432028915398,0.021047763781174733,3478.5408,17.571619,2.4582462
5291399871104,44.92568847333067,0.1497236990398191,4125.9575,18.739752,1.4759674
6219112811008,44.946848387382055,0.18143162054895665,4145.219,18.956064,1.3567791
13778255268992,45.14235484909959,0.27792474023754354,4771.864,16.716763,1.2317257
15736760367616,45.13718658525417,0.3385605887710074,3394.183,18.349968,2.0090141
17390323414400,45.144349409490744,0.4131447507463436,4168.496,15.190617,1.7648754
17665201300224,44.8141899740521,0.16762451103196072,4461.744,16.321474,1.3668661
23746874987008,44.739484058859006,0.3317775341614167,4970.119,16.538525,1.1327019
24124832108544,44.722949238326194,0.36015885074475507,4095.7148,16.699455,1.6392593
25357487115136,44.771892234809975,0.35435030084974983,6177.869,18.475216,0.6202221
27522150631936,44.96661623415398,0.3532839600610244,4572.7627,16.394306,1.2629776
29686814164736,45.05298073945427,0.4199229388056383,3488.3167,17.197649,1.9743271
35016869161600,44.981913891998026,0.5719476658718482,5204.6133,15.985419,0.9969177
35291747103360,45.35522557380842,0.3202873384878525,4764.425,14.024188,1.2341118
41064183148160,45.194271260851814,0.4521825689637209,5748.2266,14.157319,0.88959885
43641163519872,45.363191274180146,0.5515638998893312,5826.28,14.029673,0.8562746
46974058156160,45.67689154328966,0.6029068191427704,4325.6123,16.023127,1.5664854
49413599559424,45.47303547138657,0.6217621260566285,5698.17,14.710934,0.9136162
52845277837824,45.16665136195774,0.46396463516334824,3482.6528,18.535498,3.045082
52913997318528,45.19145977883703,0.4745424978592767,5729.2104,18.968246,0.65921783
53395033666048,45.21453769120095,0.5070995444640395,3801.1128,16.68364,2.2260199
58759448371200,45.034081833460675,0.616455317294134,5799.71,18.026735,0.73893356
60748017723776,45.104205123758355,0.6609833021424628,5189.7085,16.659084,0.95574
62294205953152,45.419819936514685,0.67148055152579,3443.429,18.173204,2.4888554
63672891158656,45.36675273280469,0.7295940755982436,3470.9028,18.574448,2.5361195
75797582929024,44.59505764275395,0.4716395913639255,4747.7715,18.13029,1.1374798
76111116227456,44.54428038544341,0.4566613138744514,4347.696,14.9635315,1.7596092
76832670731520,44.55673684600356,0.49545427917402596,4355.795,15.716717,1.4160452
76901390208128,44.551151803431424,0.49948683785868886,5374.577,17.247293,0.882534
77966542094592,44.69567277810043,0.5414436246454556,5149.101,15.3235235,1.1044292
85560044271360,44.701103327541894,0.6271312901170643,5063.3975,16.735523,0.9854164
96177203428480,44.429330045999336,0.7011631968085118,4388.1265,17.241604,1.5106583
97551592960640,44.71163306521175,0.6747353569305051,3517.9097,16.135225,2.5372124
99505802621312,44.78210933661769,0.7136942801978218,3245.004,18.707289,2.766058
104694123156992,44.6228606291321,0.8240327992146227,3231.7432,18.32565,2.2961884
110569638383488,44.948753719523665,0.7324809877051988,3563.336,18.605873,1.9149723
110677013041792,44.98469909643462,0.7416781189488489,5553.0596,16.193857,0.82991123
115757958912000,45.125829276578045,0.8247871581737386,4967.642,18.140968,1.0625439
116483808818560,45.17122490795342,0.8751637665978163,5205.3506,14.852787,0.9528341
122737281195008,45.19600499623569,0.9932982308067394,6465.6855,8.812779,0.58494663
122767345592064,45.20419709007426,1.00373316986422,3495.588,17.679907,2.390913
134552735854336,45.082871264413825,1.0133929859964574,3397.2478,18.095175,2.6557484
142730353196160,45.66320002378827,0.7103985112982703,4000.6707,18.859856,1.6166687
143593642261120,45.83294686252355,0.7340167578427504,4465.4883,14.100321,1.4706621
143864224567168,45.81035627807109,0.7569908620363995,4769.986,16.20788,1.2679138
148026048510208,45.76870744720631,0.8025945973880564,3657.8447,17.138638,1.9185867
149125560114176,45.72304575585526,0.8509494800509546,3653.3435,16.992867,2.2851858
150461294342656,45.903534171996235,0.8264897100605045,3742.9873,17.883644,2.0932293
164961104192640,45.53525197205198,0.9182062993117854,4858.1694,18.779497,1.0511932
168225279341056,45.660032372152614,0.9469020010312462,5129.093,17.925865,0.9792061
169634028387840,45.775370924032515,1.0025423364813704,3267.7502,18.920275,2.298729
181316339447936,46.01858768577986,1.057654195529565,5182.4287,18.939686,0.83592606
182660664777984,46.07910647890322,1.0742071649030478,3905.4084,16.523159,1.8957767
184717953688704,46.23573368456081,1.0507878446286725,3755.8704,18.442934,1.7360535
187466732764032,46.35777083595354,1.1691955439775634,4967.6147,16.891502,1.0394287
193514046567552,45.88367187703935,1.054418802044446,5414.3345,15.663257,0.8708372
196438919861632,46.04082742778896,1.1912483932444828,4495.743,17.089376,1.3500881
200351634531456,45.89466841219997,1.2369223860721468,5455.5537,17.541943,0.8643799
200901390349952,45.94400969548537,1.2732743044441706,5469.9937,16.133387,0.8568573
201829103548928,45.85903243513232,1.2878627165350185,3993.8218,18.409544,1.5086346
204376019419648,46.062084398331976,1.3143141016030988,5370.4097,13.614351,0.93913746
206261509668096,46.14514680248425,1.3655580685355735,5270.1934,16.400536,0.91404915
206639466791296,46.133175542973326,1.4057739749377827,3382.416,18.810081,2.1507607
207842057505152,45.93685886143365,1.324202753613494,5392.2915,18.021732,0.8775692
208907209396224,46.049925959763144,1.3502763824496555,3551.8306,18.051176,2.1113396
210182815174400,46.04116017447742,1.414286475163306,6183.264,14.564533,0.796052
211862147072384,45.408155095929295,0.9776227506444708,5732.621,18.277737,0.7778187
215504279339648,45.27060396952864,0.978741716656647,3565.7761,17.87618,2.607788
217290985752704,45.284788493966964,1.064358613053954,4133.117,18.782412,1.4643211
218326073157120,45.38544831799942,1.0973732532256195,4402.116,13.340899,1.584858
218566591353984,45.388269679978656,1.1159479719593848,5638.672,15.509439,0.93204117
219215131262208,45.307956866685366,1.1310898084743377,3274.7703,18.756777,2.5228443
219906621150080,45.53020253476081,1.050204979409926,3766.0803,17.776194,2.0553455
224678329531392,45.42029595293521,1.1694682961473288,5038.1265,17.1533,1.0148125
225983999601792,45.451218055908676,1.2094788465071158,4728.9023,17.832846,1.1486988
238112987256832,45.374323150950076,1.25030546665084,3521.4475,18.600985,2.188261
242270515613952,45.244136980060965,1.3086316743084438,5271.4316,17.555187,0.92762375
244714352213888,45.39261735705954,1.3986151794928026,4700.881,16.545734,1.2413073
254541237412864,45.710356218657836,1.4254314961950496,4400.2607,16.831608,1.3782158
258011570448256,46.03753697576879,1.4944460216338378,4475.374,16.406744,1.2970228
258492607319680,45.919995426571674,1.4814259022896674,4740.0474,17.946463,1.1848946
258591391389568,45.943099829790235,1.4915270515238663,5073.1025,15.970889,1.1750631
260038795547776,45.83097992767052,1.4686382914528253,3721.974,17.724562,2.1583996
260966508484480,45.7267434131697,1.4971707129304996,5779.908,14.664411,0.9100857
262164804347520,45.86641406318764,1.5544042474855806,3337.5312,18.973186,2.2180367
265222820879104,45.50696491204361,1.4318762186698983,5018.175,18.540092,1.0331802
270720379197056,45.54780983270682,1.5316742590810937,5816.501,11.767511,0.8025265
277764125579648,45.68832405786899,1.6316246672711368,3364.1826,18.452143,2.2406101
279452047694976,45.743071020686834,1.6768542430455533,6008.201,12.062973,0.7470026
284601712921600,44.40874060467268,0.7522573428980027,3256.4573,18.490788,2.5140553
291611099774592,44.45533861147101,0.8249175952940246,3488.3281,18.25754,1.9462452
292848050357760,44.539124629691116,0.8618092291906083,3444.9868,18.719769,2.4028683
296941154686208,44.45204182466097,0.9149422520936287,5574.4497,16.175953,0.8462877
298139450234624,44.45909227962905,0.9683822246307154,3416.0767,18.92906,2.3827934
298345608489344,44.40860967430096,0.9850432005700407,4427.1875,15.587365,1.4857092
299793012977408,44.18935583594514,0.8225046398730333,6037.0884,15.3034725,0.71203995
300411488269312,44.104885479113015,0.82994946989185,5257.3457,13.943278,0.9563103
300514567485696,44.037187153927775,0.8205015544048645,3379.0066,16.679564,2.7808847
305771607451648,44.11836691531635,0.9225130471530848,5674.944,15.110906,0.90899086
306733680123392,44.16653673403877,0.9960200916469781,5601.113,15.097268,0.98125076
307931975295104,44.29149733833858,0.9123943433567769,3597.5466,17.386576,1.9071617
308108069657344,44.31554304842704,0.9365448257550028,5685.808,15.042984,0.8570156
309856120655104,44.25768538818646,1.003662905583933,3393.1714,18.549921,2.1236515
310027919563264,44.30282147226485,1.037482723756638,4238.7314,17.015478,1.6550274
310234077964032,44.41644911208586,1.0083070515055346,4693.4644,14.369636,1.3766365
317247760082304,44.70011019184829,0.9487817453216114,5631.025,16.175093,0.81784153
323256418836736,44.64925997186193,1.0477409834255236,3623.8542,18.502754,1.962122
335694644144384,44.39118829401088,1.1204297194347406,3910.173,17.990664,1.7151985
339817812763008,44.32532232535187,1.1785457766806124,3460.1575,18.28526,2.8452663
354283262366336,44.053171988261006,1.0135893515469565,4552.197,18.936588,1.2325172
357341279081728,43.81349328689821,1.01548805018883,3414.185,18.919533,2.2863617
357792251311232,43.82361047988343,1.0581727820097864,3544.4229,17.201513,2.551733
360541030376576,43.95952235146025,1.1781602037294665,4227.0615,15.714038,1.7869663
361086490575488,44.13729910317556,1.104949914908371,3910.1516,18.127314,2.1079807
365518896832384,44.03021082445575,1.177391165934507,5574.9546,18.761568,0.777298
365896853956736,44.06666199600929,1.2026534212580715,4784.0137,18.172802,1.0839958
367030725327616,44.001228451955946,1.2370750270604565,5296.6343,17.066917,0.9181576
369543281833216,43.77493958692572,1.0708237198460655,4242.766,16.908236,1.7967691
372635658281728,43.92045314296514,1.2103962764322804,5097.186,14.648548,1.1060839
372979255018880,43.84166366586631,1.1993425556251291,5298.4053,18.709124,0.8974304
374418069175296,43.73497291758069,1.169262362220703,3685.4834,17.412584,1.8033237
374834681515648,43.7389404248325,1.2056213173579289,4687.457,15.638955,1.2653294
380160440980992,43.93095208407922,1.2977881929125659,3794.7036,15.764487,2.05859
386963669172224,43.929887393545016,1.4762296540832964,5313.3394,10.5713625,1.2113037
388265043890048,44.27756251399987,1.2637134748619234,4180.0503,18.227158,1.4771843
389128332716288,44.301583815637706,1.3204165593145107,4878.3555,16.702381,1.0981083
391396075444608,44.38495267305877,1.4044970319725554,5769.2056,14.513238,0.8837986
393492019459968,44.20698567252693,1.396642642161116,4983.791,15.168097,1.1999893
393522083757184,44.218410046224115,1.4033925996000327,4997.9893,14.50897,1.1864204
394213573991296,44.35142441039909,1.4031545282100477,4660.6045,15.750704,1.181674
408782103030656,44.19454099998439,1.526564494986237,3919.7458,15.771495,2.0317326
411457867490048,44.145067897796174,1.5321286691941753,3726.9202,18.11594,1.7610397
413386307970176,44.11438697575298,1.6336084907426276,5109.7456,16.577745,1.0116148
416994080497280,44.319576893975196,1.6393964679396114,3798.943,17.439869,1.9228592
421838803605120,44.32534757364366,1.7560723353081211,4598.97,15.547988,1.4482937
425480935871104,45.12904348361704,1.368146236870604,5503.5693,16.001814,0.84618187
437055872097024,45.08689260295098,1.5029376830915493,4711.0933,17.391617,1.1679726
438980017534720,45.10785728959459,1.5644099244660608,3875.3354,16.589584,2.0708857
440148248514688,44.79273706717398,1.377115672334245,4646.375,18.504595,1.1359558
445302209250560,44.69214935384571,1.4592932808273984,6434.7515,11.615715,0.72379684
447505528130432,44.77323278162556,1.536739241164336,3674.8806,16.344929,2.2421627
450662328595712,45.00075142450011,1.6146820975718519,3334.989,18.110693,2.6568508
452655193446528,45.092743730960414,1.680510553908423,3271.588,18.787315,2.5984497
454068238186240,44.95082557109359,1.666159024872224,5967.2534,16.054445,0.82129574
457332413326464,44.98961598211756,1.7640000130741769,4668.2354,14.738744,1.3589535
458599428141568,45.307485854643545,1.557645864585129,5688.949,17.181995,0.78635216
464891555793280,45.36328822622407,1.7164451853129614,4298.135,16.517275,1.7747593
465372592100096,45.291361299867916,1.7086532051151238,5862.561,15.403152,0.8469467
470968934033280,45.42130002835505,1.760472985442549,5766.3403,18.641273,0.7247448
471346891170816,45.492583542374746,1.7932292236684382,4155.139,18.038122,1.4940758
483819476208256,45.35875176554758,1.8144813788630976,4780.627,18.921173,1.1258259
484918987855872,45.31959425342181,1.855147375997726,3656.7485,18.293642,1.8172207
485400024213888,45.30115525883727,1.8968727408232076,5197.772,18.601442,0.94376373
486297672791424,45.43078892406699,1.903162088914619,5906.9204,17.095665,0.752861
486813068865152,45.46111515022514,1.9360178241329826,5212.2847,15.803648,1.0542145
490279106896640,45.27717601012668,1.9988428930476212,4467.857,12.548645,1.3649406
498353645459200,44.494041946569844,1.6359662258746674,4739.4985,18.718811,1.133009
504817571715072,44.882275602107406,1.7836615598208359,5366.148,13.254658,1.1474457
509314402109440,44.799010143660986,1.87972879412886,5695.9746,17.800611,0.80584145
511689519368448,44.43597815311015,1.7253180565213808,5283.9224,15.048125,0.91767406
512067476520960,44.48962636401888,1.7643180889047867,4168.164,16.499582,1.9905243
513575009621120,44.51618691496386,1.7845974149613206,4329.851,15.621969,1.5967255
6017249992832,44.87059951414633,0.1724258039968245,4255.6987,17.294584,1.4818993
6223408420864,44.9376489880519,0.18839339947220893,4995.751,13.932565,1.2127752
7941395336832,44.97267889063961,0.23783321350790695,3983.6702,15.159093,1.9504137
16355235668608,45.22894242381447,0.3807925634381395,3624.5466,17.238367,2.2611465
31748398476672,44.948683826279954,0.4552751762139348,4825.55,15.90693,1.1177664
38693361197824,45.406929337688716,0.4515441683298902,5883.8447,13.598927,0.8521528
42713450599296,45.37430429571535,0.5279564908405688,5382.6323,15.353536,1.0302649
44878114096768,45.54246466832399,0.5228503308030907,5298.5244,16.674149,0.9276428
45324790696192,45.50586902826179,0.5284512072371333,5855.5234,12.841108,0.8916607
50233937526400,45.45182940178526,0.6371899842193696,4911.2485,18.25791,1.0399437
53017076542080,45.197705164667155,0.49719607993479226,3772.0168,18.129602,1.7521915
57415123071872,45.103845905810324,0.5665739647534163,3571.43,18.982157,1.8364296
62057983280000,45.334881173819824,0.652486368997038,5066.428,14.422816,1.0736942
64768107152640,45.49947346003447,0.7659037795232808,3171.652,18.269627,2.9959717
65214783741312,45.36868444007313,0.7424631587178063,5406.015,18.923882,0.8397026
65558381137152,45.45494860074532,0.7708513217771733,3838.2405,18.545307,1.7261639
69067369899904,45.36635526086954,0.8254478294668451,5460.5273,14.616652,0.9174576
77756088175232,44.714615699303835,0.5307636181770327,3727.5034,17.110703,2.05365
81673098357120,44.90509083870086,0.5606950073947994,3602.359,18.695898,1.9136505
82295869155584,44.93806389644073,0.6041186380161174,5483.809,16.953285,0.85949326
85319526102144,44.73492312006256,0.6271844715199036,5626.0317,13.246313,0.9041662
85452669604992,44.751884687152334,0.6427612062220996,4195.799,15.765811,1.7072554
87896506477184,44.81628571945149,0.7254978202814887,4344.6084,16.951487,1.5679092
93668942515712,44.347666424798774,0.5992272538166462,4447.023,14.995658,1.4505444
99299644189568,44.695013018854716,0.7085546373818725,5374.394,17.18576,0.8731594
99475738307840,44.73430703110877,0.7419493818525904,3432.5198,16.394236,2.6672382
106824426880640,44.985492225617634,0.6755718202423512,5574.0947,16.58553,0.8271313
106996225569408,44.91592980418406,0.6696268058251459,4782.879,17.38567,1.1195049
109199544291200,45.01694672985817,0.7484119023733995,4219.262,17.93068,1.3910732
109783659841664,45.071820036040606,0.7886552779293636,4802.6387,17.781214,1.0951824
115796614248064,45.09255818630823,0.8245344317376216,5351.2124,18.378834,0.87260056
118712896452096,45.26257796252752,0.9626326288793766,4925.0967,16.205547,1.1092987
128028680888960,44.72596101652901,0.8812640300390209,3402.5708,18.250969,2.6459007
133732397478144,45.02227536083948,0.9897784450154344,5783.761,11.209227,0.8217726
134350872765184,45.100085948919485,1.0126847469841829,7082.0605,14.875728,0.53166103
135587823418112,45.013880762316035,1.0472299638030815,5678.702,13.201732,0.9555559
140157668528256,44.96404600563031,1.145544936008243,5352.1323,15.685562,1.0808773
140501265911552,44.998611298238494,1.1572790417694088,5501.425,14.498852,0.93180466
141768280520064,45.74553992938364,0.6904570929229351,5284.2354,17.3523,0.90672684
147197119194496,45.61873776530672,0.7983580563310984,5367.212,17.813196,0.8835716
148330990564992,45.74887137104991,0.83799505873913,4401.819,18.025093,1.3892727
148502789252992,45.653136362972894,0.8047592833103726,3423.3289,17.378489,2.5904045
149224343769600,45.7266291535813,0.8695016217295861,3525.8774,18.84405,1.9600601
155619550663168,45.79904186052433,0.9162139078669652,5306.355,15.72543,0.91140556
158226595256448,45.899511704055655,1.0251911372795408,5606.761,16.19413,0.81641483
158398394154112,45.51220088494283,0.7667722098362446,3677.7607,16.908178,2.2636108
162899519884416,45.4816934949768,0.8566709184123785,5120.3066,18.208405,1.041338
165304701578624,45.5059777926219,0.9362087626665276,5014.4707,18.411146,1.0104618
166167990344576,45.50978197143782,0.9655710691334763,3380.1626,17.644234,2.7002792
166855185111424,45.50419521081057,0.9962866873216681,5063.014,14.148634,1.0408926
170870978984576,45.754086040496524,1.0587662318672872,3604.4182,17.188683,2.012659
171970490835200,45.62330946014746,1.023271201827039,3466.5764,18.372976,2.715517
178400057221760,46.12971879309301,0.997112501067427,5218.7383,14.207445,1.0564442
181007101796480,46.034552136893545,1.032868551797716,3695.4695,18.045296,1.7505207
182248347919616,45.94690274531755,1.0692681076141402,3604.8337,14.860277,2.2952776
186234077565696,46.19109985023,1.1291243491544145,4303.3076,17.583899,1.6983624
186573379566080,46.2432844371889,1.1616572793149729,4533.072,18.86276,1.2499714
189562676675968,46.14992175767838,1.1762219799785996,3255.6833,18.92623,2.6177692
190559109090944,46.059526447222396,1.1909596727535776,3950.3066,17.590824,1.7997189
193174744709504,46.24236414762375,1.3031010874497169,4521.835,16.879166,1.276041
195442487425408,45.85954583901682,1.1464224104476646,6451.3506,12.789163,0.70061684
197087459380352,45.90012961221923,1.1869858863134324,4121.344,17.541893,1.5261784
197160474341632,45.8966290747218,1.1911304642020693,4086.852,16.478544,1.8025284
198599287867904,45.857100718349336,1.1826439240004798,3603.2114,18.30337,1.942606
206845625090688,45.9929583095266,1.3005530207728564,3397.4585,18.464714,2.3915024
207842057389184,45.938544835006255,1.3267126961530626,5421.4043,12.439301,0.88612556
211552909408128,45.357826575898216,0.9513157651092452,5040.196,12.041374,1.08391
212897234498816,45.37576063992573,0.9951313596294785,3643.0571,17.697613,2.3920574
213206472143232,45.36095606493562,1.0282803235278648,3556.8237,17.731245,2.3692474
213962386413824,45.47806155054242,1.0330926882776124,4526.33,13.2320175,1.3777132
216638150712832,45.22906768890969,1.018272611620166,4804.511,18.780567,1.0634785
218669670539648,45.39002438493255,1.1278603479247187,4655.424,17.635445,1.1602516
220623880385152,45.60750871867405,1.1171097211057208,4691.455,16.7602,1.1823387
224437811354496,45.458386527393706,1.1456429584320935,5629.239,15.956721,0.9276867
225949639778432,45.44124688351276,1.1954836699775477,4960.9272,15.183385,1.1784525
228423541047936,45.496612708064475,1.2967560821747277,3238.8389,18.814533,2.4833374
228977592057088,45.15169508452906,1.0729442250818682,3633.813,17.375383,1.8818665
231279694522112,45.24433086637731,1.1667710093217167,5420.2285,16.598269,0.8890934
231417133474688,45.26457391895723,1.178412217112203,6358.8325,14.449173,0.73645115
232203112243456,45.23260171886196,1.1963909111123372,5409.946,16.651255,0.8724308
232959026403968,45.26009719384587,1.2461444151637417,5729.5723,14.255999,0.8926163
234097193068416,45.14128197371255,1.2178771858027033,5398.103,16.71807,0.914711
236601158772096,45.14126898538367,1.2615853588036636,3534.9517,18.125275,2.459959
237979843499904,45.34179363738809,1.2466589716257113,5473.685,17.052425,0.8518944
244538258230528,45.367104600593834,1.3965357527055153,5381.4473,12.124073,0.9348898
244881855765760,45.41913479958574,1.4343327685418952,3179.8184,18.97538,2.4478874
248730146429824,45.81298459175526,1.3162902676176709,4663.901,18.14022,1.1258507
252788890727552,45.62831014803354,1.4050349775836375,4751.683,17.174864,1.1565132
253781028962048,45.715834816730926,1.4189243551619761,3347.159,18.125017,2.768528
255606389299456,45.87890329739945,1.402393363554442,4656.2725,16.680328,1.2008018
258492607318912,45.928374016854136,1.4819050028443264,6437.903,16.459948,0.64774513
260584256206464,45.74655667172925,1.4610507131469894,3454.1602,18.8905,2.4241009
260932148746624,45.70948652429806,1.491115566866628,5288.1157,15.848998,1.0907726
262443977229440,45.93900432676443,1.56721610137078,5913.8477,11.093268,0.822917
276286656830336,45.7405758320229,1.6382662659509415,5264.549,18.93084,0.942173
280207961937920,45.71921193543928,1.7259734847612453,5306.85,16.445929,0.90507317
281578055936384,44.30343430429579,0.6246294310901463,4666.6313,16.78613,1.3193188
281788510076544,44.28708839206875,0.631620195331421,5481.1665,15.692319,0.8637295
285804303770624,44.36905047024559,0.7981628893427534,3439.5615,18.54886,2.164751
286908111090432,44.245102193854166,0.768057999391142,5610.7334,17.147167,0.8285713
288827960749952,44.34354615142313,0.8225804625699772,3257.58,18.914436,2.2436886
289175853821952,44.25145380836777,0.7866918259262415,5130.3994,15.534219,0.99403954
289205917869824,44.26120824124782,0.8059885608256389,5799.8184,18.993391,0.8092785
289446436038528,44.23346807512718,0.8086213616076012,4534.884,17.959858,1.313446
289790033426304,44.284725906058185,0.8411349877705678,3549.6824,18.652716,1.9006615
291168718663296,44.479243378263284,0.8242748157418422,4823.272,15.459879,1.2091494
292092136113536,44.51006833267887,0.856921509522735,5475.0615,17.286142,0.8458538
302090819768704,44.230156936123024,0.8815767850399426,4871.0444,18.05839,1.077179
309272005098368,44.24571073735909,0.9670884694603417,3654.0354,18.615767,2.104782
317350839296768,44.71430681457136,0.9635880601942239,5521.5547,16.110184,1.009016
319408128134656,44.78046013019759,1.0184088904652755,3990.9858,17.665188,1.7199516
319511207352320,44.776717209845515,1.0356466476136095,5231.73,17.84674,0.9433708
319584222288000,44.813807041063846,1.0372710561168295,5503.322,16.369349,0.83613205
319824740456704,44.78259341838942,1.0519216961682212,5596.6313,16.084713,1.0516262
322951476622976,44.578994703577614,1.0904691096943775,4946.5303,17.057535,1.0741901
323638671416192,44.623485859357665,1.09318177422452,3395.3496,18.337524,2.0568027
329441171789440,44.934961249510266,1.2231308886827177,3777.2573,17.889217,1.856514
331227878171904,44.66832074632744,1.1825867517171957,4049.424,18.508785,1.592207
332950160507776,44.837599421513374,1.2726641458307646,5096.4863,15.638984,1.0839481
337279487518592,44.58888418561459,1.1847979517941243,5576.145,12.990659,0.9009819
337932322548480,44.49501728055643,1.2074633640359693,5600.473,12.482538,0.8506527
341810677617920,44.51511044159259,1.2698575641465646,4444.3555,17.586092,1.330265
345663263726080,44.73847164611483,1.3210892118917894,4808.511,15.858757,1.1898317
346552321537536,44.7063125994766,1.348624657697067,4507.014,17.143547,1.2728939
348132869499136,44.62732452733475,1.336533533508369,5142.257,18.548122,1.0011635
349133597250432,44.564588446574035,1.3616731875936168,5140.9385,17.240042,0.9445152
350297533037056,44.69227033225301,1.4079284581232585,4742.416,17.252901,1.1783447
350950368067328,44.61764015582576,1.4132069498759123,3811.6465,18.824465,1.7022343
352260333435136,43.94566691634814,0.9384810702206281,3487.6062,18.855263,2.3928337
354558140276608,44.036930664142105,1.0393482189395862,3008.293,18.824781,2.8955803
358990546472448,43.98713075590099,1.0863949711532184,5813.5605,12.443969,0.8140259
363697830932480,44.245830697493595,1.1927394204957116,4410.471,18.897892,1.270792
365209659184768,44.07236920008843,1.155862858489161,3651.0557,18.165398,1.9799957
373735169909120,43.86756217971743,1.2425763838527133,4864.31,15.261057,1.3370476
378236295635456,43.94562491128126,1.2005011792305034,3991.4832,17.55958,1.8883362
382389528386944,44.017454313178646,1.3769728248749833,3484.3796,17.419191,2.2733383
383905652443008,43.84909886860032,1.342595346933706,6042.941,13.165336,0.92137814
386272178931072,43.87209079155241,1.4107265423319846,3903.1921,17.975807,1.6125851
387582144518784,44.34685402619694,1.2402758328275099,5847.4155,17.473482,0.7431183
388127604928640,44.24779700973758,1.2414118132716971,3759.786,18.094181,1.9996376
389815527480448,44.44151257298693,1.3289136680193838,4177.6,18.260773,2.2455273
392048910450944,44.240885526190496,1.3172500064109134,5383.4478,13.386534,0.9651451
392560011205632,44.18288271270675,1.323219957602188,4599.975,18.244747,1.2166157
398744764156928,44.63407674862775,1.4945681040617735,4685.638,17.272095,1.2020721
407785670617728,44.24773418420616,1.506194344503223,5623.6416,14.068956,0.96730804
408679023814784,44.223164370296985,1.5234580817895942,5304.555,15.267223,1.1753263
408713383552896,44.22551732064087,1.5345738976824757,4355.4526,16.647024,1.4863234
409950334137216,44.04618593884805,1.5002131920977408,3679.6814,18.033325,1.9346867
412870911895808,44.11990180206501,1.5744279609984224,3602.8237,17.523283,2.0900307
415271798459136,44.30516344458711,1.600457254845036,5233.695,17.832333,0.9359474
415718475057792,44.387474876735546,1.5992271293410447,3500.8882,18.140764,2.0679836
416921065888896,44.35167558122773,1.6442346383287414,5333.1704,12.530911,1.0547619
417887433696512,44.19541862512603,1.5925221280512805,5642.642,13.870914,0.954175
418535973608192,44.286428607599156,1.6383491105506112,3353.9167,18.777487,2.1853695
419021305062016,44.17210893656966,1.6304276465899323,4828.1436,16.389208,1.1259012
420086456950272,44.289175071700214,1.6588197360572876,6054.576,14.99452,0.8274603
423208897486976,45.04740590228044,1.2875993106534147,4184.107,16.459175,1.7697935
428431577731584,44.94991439471832,1.3789907659230674,4614.4424,16.688993,1.2309189
433654257988224,45.26976601668254,1.4730121681987263,3904.4673,18.933884,1.6186409
444069554351488,44.908325901465346,1.5387847381311448,5642.933,15.669529,1.0413799
452861351881344,45.09123734773702,1.6933997531569556,4047.9595,18.595303,1.5218334
454514914751488,44.857642696732825,1.6511254833884474,4640.303,7.433595,1.3269763
828929527040,45.02361979732255,0.06841876724959775,4333.865,16.580168,1.42451
1619203481984,44.95115803041135,0.10531247613400328,3595.7598,17.877853,2.4646053
1653563247744,44.99606230474708,0.08491778897415135,6279.5405,16.148806,0.7542982
4711579935744,44.89479998813306,0.11403061482574572,5512.4717,14.277885,0.85421085
5360119348480,44.95900184510564,0.15236902351627757,3378.046,18.44239,2.7403488
6012955592192,44.86955694998748,0.1722527015293885,4201.8657,18.67387,1.4751911
8044474739968,44.92821586220451,0.22748977084963198,3556.853,17.710104,1.9214172
14263587225600,45.13475778741175,0.3215546124504204,4313.4473,14.464003,1.7567692
20890721109504,44.860937476942354,0.27078018217326594,3180.892,18.768126,2.6695576
27148489078656,45.04972946997667,0.37048779234976154,4595.4043,15.099422,1.3920965
28248000706176,45.0068166131502,0.4094734857046148,4788.102,15.637931,1.2010355
30374008950912,45.107664134608136,0.4811529491117626,3850.5447,17.663551,2.0847797
36558761635584,45.28605057229093,0.3567009654544309,3421.7656,18.080471,2.7344074
37318971664640,45.33981017654825,0.43184511085318783,5773.5273,13.810619,1.0054827
41888816865920,45.349492098390705,0.4821747957587855,4509.3384,16.967274,1.3243427
42713450584448,45.36573796188337,0.5314755421717898,3294.4048,18.744904,2.5238323
45664092292480,45.53971179961374,0.5346052138649569,6025.4565,11.605029,0.7578287
52123723139328,45.49359868684714,0.682812741044001,4111.3965,18.746649,1.5134869
53326314185728,45.220316491454525,0.4910685762957624,5165.0063,17.694605,0.9470005
57243324371712,45.074700523760825,0.5403708839089579,3250.0598,18.556835,2.7718945
58656369156608,45.02982713077833,0.6074360285935323,3476.7786,17.999746,2.495821
66692252490624,45.34086469202481,0.7417147562963117,4866.4414,17.423206,1.0949268
71640054576896,44.63739092708105,0.37737399361371154,3685.9204,18.816746,1.6934395
82291573660544,44.92741677725142,0.6036621917510374,4443.5625,17.387745,1.3141518
83051783399296,44.921696027468414,0.6174271882013076,5043.7085,15.945491,1.0487366
83184926871808,44.948019510085985,0.6405352115531007,6467.8335,17.853216,0.63100624
83219286608000,44.915922569435416,0.6347161056189204,4721.7607,17.662054,1.1339874
88274463609984,44.45972718950529,0.483209160080331,5279.515,15.578984,1.0054846
